"species_id","id","english_common_name","french_common_name","spanish_common_name","sporder","family","genus","species"
103,"sp2881","Gray Partridge","Perdrix grise","Perdix perdix","Galliformes","Phasianidae","Perdix","perdix"
104,"sp3091","Ring-necked Pheasant","Faisan de Colchide","Phasianus colchicus","Galliformes","Phasianidae","Phasianus","colchicus"
116,"sp3080","Sharp-tailed Grouse","Tétras à queue fine","Tympanuchus phasianellus","Galliformes","Phasianidae","Tympanuchus","phasianellus"
130,"sp3131","Rock Pigeon","Pigeon biset","Columba livia","Columbiformes","Columbidae","Columba","livia"
141,"sp22860","Eurasian Collared-Dove","Tourterelle turque","Streptopelia decaocto","Columbiformes","Columbidae","Streptopelia","decaocto"
159,"sp3160","Mourning Dove","Tourterelle triste","Zenaida macroura","Columbiformes","Columbidae","Zenaida","macroura"
629,"sp3310","Northern Harrier","Busard des marais","Circus hudsonius","Accipitriformes","Accipitridae","Circus","hudsonius"
656,"sp3420","Swainson's Hawk","Buse de Swainson","Buteo swainsoni","Accipitriformes","Accipitridae","Buteo","swainsoni"
658,"sp3370","Red-tailed Hawk","Buse à queue rousse","Buteo jamaicensis","Accipitriformes","Accipitridae","Buteo","jamaicensis"
661,"sp3480","Ferruginous Hawk","Buse rouilleuse","Buteo regalis","Accipitriformes","Accipitridae","Buteo","regalis"
757,"sp4123","(unid. Red/Yellow Shafted) Northern Flicker","Pic flamboyant (groupe non identifié)","Colaptes auratus","Piciformes","Picidae","Colaptes","auratus"
773,"sp3600","American Kestrel","Crécerelle d'Amérique","Falco sparverius","Falconiformes","Falconidae","Falco","sparverius"
775,"sp3570","Merlin","Faucon émerillon","Falco columbarius","Falconiformes","Falconidae","Falco","columbarius"
782,"sp3550","Prairie Falcon","Faucon des prairies","Falco mexicanus","Falconiformes","Falconidae","Falco","mexicanus"
902,"sp4470","Western Kingbird","Tyran de l'Ouest","Tyrannus verticalis","Passeriformes","Tyrannidae","Tyrannus","verticalis"
904,"sp4440","Eastern Kingbird","Tyran tritri","Tyrannus tyrannus","Passeriformes","Tyrannidae","Tyrannus","tyrannus"
914,"sp4620","Western Wood-Pewee","Pioui de l'Ouest","Contopus sordidulus","Passeriformes","Tyrannidae","Contopus","sordidulus"
924,"sp4670","Least Flycatcher","Moucherolle tchébec","Empidonax minimus","Passeriformes","Tyrannidae","Empidonax","minimus"
938,"sp4570","Say's Phoebe","Moucherolle à ventre roux","Sayornis saya","Passeriformes","Tyrannidae","Sayornis","saya"
967,"sp6270","Warbling Vireo","Viréo mélodieux","Vireo gilvus","Passeriformes","Vireonidae","Vireo","gilvus"
998,"sp4750","Black-billed Magpie","Pie d'Amérique","Pica hudsonia","Passeriformes","Corvidae","Pica","hudsonia"
1001,"sp4880","American Crow","Corneille d'Amérique","Corvus brachyrhynchos","Passeriformes","Corvidae","Corvus","brachyrhynchos"
1012,"sp4740","Horned Lark","Alouette hausse-col","Eremophila alpestris","Passeriformes","Alaudidae","Eremophila","alpestris"
1019,"sp6140","Tree Swallow","Hirondelle bicolore","Tachycineta bicolor","Passeriformes","Hirundinidae","Tachycineta","bicolor"
1027,"sp6160","Bank Swallow","Hirondelle de rivage","Riparia riparia","Passeriformes","Hirundinidae","Riparia","riparia"
1028,"sp6120","Cliff Swallow","Hirondelle à front blanc","Petrochelidon pyrrhonota","Passeriformes","Hirundinidae","Petrochelidon","pyrrhonota"
1031,"sp6130","Barn Swallow","Hirondelle rustique","Hirundo rustica","Passeriformes","Hirundinidae","Hirundo","rustica"
1058,"sp7150","Rock Wren","Troglodyte des rochers","Salpinctes obsoletus","Passeriformes","Troglodytidae","Salpinctes","obsoletus"
1063,"sp7210","House Wren","Troglodyte familier","Troglodytes aedon","Passeriformes","Troglodytidae","Troglodytes","aedon"
1071,"sp7250","Marsh Wren","Troglodyte des marais","Cistothorus palustris","Passeriformes","Troglodytidae","Cistothorus","palustris"
1162,"sp7610","American Robin","Merle d'Amérique","Turdus migratorius","Passeriformes","Turdidae","Turdus","migratorius"
1169,"sp7040","Gray Catbird","Moqueur chat","Dumetella carolinensis","Passeriformes","Mimidae","Dumetella","carolinensis"
1172,"sp7050","Brown Thrasher","Moqueur roux","Toxostoma rufum","Passeriformes","Mimidae","Toxostoma","rufum"
1185,"sp4930","European Starling","Étourneau sansonnet","Sturnus vulgaris","Passeriformes","Sturnidae","Sturnus","vulgaris"
1198,"sp6882","House Sparrow","Moineau domestique","Passer domesticus","Passeriformes","Passeridae","Passer","domesticus"
1209,"sp7000","Sprague's Pipit","Pipit de Sprague","Anthus spragueii","Passeriformes","Motacillidae","Anthus","spragueii"
1249,"sp5290","American Goldfinch","Chardonneret jaune","Spinus tristis","Passeriformes","Fringillidae","Spinus","tristis"
1251,"sp5380","Chestnut-collared Longspur","Plectrophane à ventre noir","Calcarius ornatus","Passeriformes","Calcariidae","Calcarius","ornatus"
1253,"sp5390","McCown's Longspur","Plectrophane de McCown","Rhynchophanes mccownii","Passeriformes","Calcariidae","Rhynchophanes","mccownii"
1275,"sp5880","Spotted Towhee","Tohi tacheté","Pipilo maculatus","Passeriformes","Passerellidae","Pipilo","maculatus"
1298,"sp5600","Chipping Sparrow","Bruant familier","Spizella passerina","Passeriformes","Passerellidae","Spizella","passerina"
1299,"sp5610","Clay-colored Sparrow","Bruant des plaines","Spizella pallida","Passeriformes","Passerellidae","Spizella","pallida"
1300,"sp5620","Brewer's Sparrow","Bruant de Brewer","Spizella breweri","Passeriformes","Passerellidae","Spizella","breweri"
1304,"sp5400","Vesper Sparrow","Bruant vespéral","Pooecetes gramineus","Passeriformes","Passerellidae","Pooecetes","gramineus"
1305,"sp5520","Lark Sparrow","Bruant à joues marron","Chondestes grammacus","Passeriformes","Passerellidae","Chondestes","grammacus"
1311,"sp6050","Lark Bunting","Bruant noir et blanc","Calamospiza melanocorys","Passeriformes","Passerellidae","Calamospiza","melanocorys"
1312,"sp5420","Savannah Sparrow","Bruant des prés","Passerculus sandwichensis","Passeriformes","Passerellidae","Passerculus","sandwichensis"
1313,"sp5460","Grasshopper Sparrow","Bruant sauterelle","Ammodramus savannarum","Passeriformes","Passerellidae","Ammodramus","savannarum"
1314,"sp5450","Baird's Sparrow","Bruant de Baird","Centronyx bairdii","Passeriformes","Passerellidae","Centronyx","bairdii"
1322,"sp5810","Song Sparrow","Bruant chanteur","Melospiza melodia","Passeriformes","Passerellidae","Melospiza","melodia"
1342,"sp4970","Yellow-headed Blackbird","Carouge à tête jaune","Xanthocephalus xanthocephalus","Passeriformes","Icteridae","Xanthocephalus","xanthocephalus"
1343,"sp4940","Bobolink","Goglu des prés","Dolichonyx oryzivorus","Passeriformes","Icteridae","Dolichonyx","oryzivorus"
1345,"sp5011","Western Meadowlark","Sturnelle de l'Ouest","Sturnella neglecta","Passeriformes","Icteridae","Sturnella","neglecta"
1364,"sp5070","Baltimore Oriole","Oriole de Baltimore","Icterus galbula","Passeriformes","Icteridae","Icterus","galbula"
1369,"sp4980","Red-winged Blackbird","Carouge à épaulettes","Agelaius phoeniceus","Passeriformes","Icteridae","Agelaius","phoeniceus"
1374,"sp4950","Brown-headed Cowbird","Vacher à tête brune","Molothrus ater","Passeriformes","Icteridae","Molothrus","ater"
1379,"sp5100","Brewer's Blackbird","Quiscale de Brewer","Euphagus cyanocephalus","Passeriformes","Icteridae","Euphagus","cyanocephalus"
1380,"sp5110","Common Grackle","Quiscale bronzé","Quiscalus quiscula","Passeriformes","Icteridae","Quiscalus","quiscula"
1384,"sp6740","Ovenbird","Paruline couronnée","Seiurus aurocapilla","Passeriformes","Parulidae","Seiurus","aurocapilla"
1410,"sp6810","Common Yellowthroat","Paruline masquée","Geothlypis trichas","Passeriformes","Parulidae","Geothlypis","trichas"
1422,"sp6520","Yellow Warbler","Paruline jaune","Setophaga petechia","Passeriformes","Parulidae","Setophaga","petechia"
167,"sp3880","Black-billed Cuckoo","Coulicou à bec noir","Coccyzus erythropthalmus","Cuculiformes","Cuculidae","Coccyzus","erythropthalmus"
617,"sp3640","Osprey","Balbuzard pêcheur","Pandion haliaetus","Accipitriformes","Pandionidae","Pandion","haliaetus"
941,"sp6220","Loggerhead Shrike","Pie-grièche migratrice","Lanius ludovicianus","Passeriformes","Laniidae","Lanius","ludovicianus"
1009,"sp4860","Common Raven","Grand Corbeau","Corvus corax","Passeriformes","Corvidae","Corvus","corax"
1025,"sp6170","Northern Rough-winged Swallow","Hirondelle à ailes hérissées","Stelgidopteryx serripennis","Passeriformes","Hirundinidae","Stelgidopteryx","serripennis"
1034,"sp7350","Black-capped Chickadee","Mésange à tête noire","Poecile atricapillus","Passeriformes","Paridae","Poecile","atricapillus"
1053,"sp7280","Red-breasted Nuthatch","Sittelle à poitrine rousse","Sitta canadensis","Passeriformes","Sittidae","Sitta","canadensis"
1135,"sp7680","Mountain Bluebird","Merlebleu azuré","Sialia currucoides","Passeriformes","Turdidae","Sialia","currucoides"
1188,"sp6190","Cedar Waxwing","Jaseur d'Amérique","Bombycilla cedrorum","Passeriformes","Bombycillidae","Bombycilla","cedrorum"
1228,"sp5190","House Finch","Roselin familier","Haemorhous mexicanus","Passeriformes","Fringillidae","Haemorhous","mexicanus"
1244,"sp5330","Pine Siskin","Tarin des pins","Spinus pinus","Passeriformes","Fringillidae","Spinus","pinus"
1341,"sp6830","Yellow-breasted Chat","Ictérie polyglotte","Icteria virens","Passeriformes","Icteriidae","Icteria","virens"
1397,"sp6460","Orange-crowned Warbler","Paruline verdâtre","Oreothlypis celata","Passeriformes","Parulidae","Oreothlypis","celata"
1469,"sp5960","Black-headed Grosbeak","Cardinal à tête noire","Pheucticus melanocephalus","Passeriformes","Cardinalidae","Pheucticus","melanocephalus"
1476,"sp5990","Lazuli Bunting","Passerin azuré","Passerina amoena","Passeriformes","Cardinalidae","Passerina","amoena"
624,"sp3490","Golden Eagle","Aigle royal","Aquila chrysaetos","Accipitriformes","Accipitridae","Aquila","chrysaetos"
746,"sp3940","Downy Woodpecker","Pic mineur","Dryobates pubescens","Piciformes","Picidae","Dryobates","pubescens"
1147,"sp7580","Swainson's Thrush","Grive à dos olive","Catharus ustulatus","Passeriformes","Turdidae","Catharus","ustulatus"
1237,"sp5210","Red Crossbill","Bec-croisé des sapins","Loxia curvirostra","Passeriformes","Fringillidae","Loxia","curvirostra"
1456,"sp6070","Western Tanager","Piranga à tête rouge","Piranga ludoviciana","Passeriformes","Cardinalidae","Piranga","ludoviciana"
631,"sp3320","Sharp-shinned Hawk","Épervier brun","Accipiter striatus","Accipitriformes","Accipitridae","Accipiter","striatus"
632,"sp3330","Cooper's Hawk","Épervier de Cooper","Accipiter cooperii","Accipitriformes","Accipitridae","Accipiter","cooperii"
634,"sp3340","Northern Goshawk","Autour des palombes","Accipiter gentilis","Accipitriformes","Accipitridae","Accipiter","gentilis"
637,"sp3520","Bald Eagle","Pygargue à tête blanche","Haliaeetus leucocephalus","Accipitriformes","Accipitridae","Haliaeetus","leucocephalus"
750,"sp3930","Hairy Woodpecker","Pic chevelu","Dryobates villosus","Piciformes","Picidae","Dryobates","villosus"
764,"sp4050","Pileated Woodpecker","Grand Pic","Dryocopus pileatus","Piciformes","Picidae","Dryocopus","pileatus"
921,"sp4660","Willow Flycatcher","Moucherolle des saules","Empidonax traillii","Passeriformes","Tyrannidae","Empidonax","traillii"
937,"sp4560","Eastern Phoebe","Moucherolle phébi","Sayornis phoebe","Passeriformes","Tyrannidae","Sayornis","phoebe"
1148,"sp7590","Hermit Thrush","Grive solitaire","Catharus guttatus","Passeriformes","Turdidae","Catharus","guttatus"
1316,"sp5480","LeConte's Sparrow","Bruant de LeConte","Ammospiza leconteii","Passeriformes","Passerellidae","Ammospiza","leconteii"
1430,"sp6556","(unid. Myrtle/Audubon's) Yellow-rumped Warbler","Par. à croupion jaune (sous-espèce non identifié)","Setophaga coronata","Passeriformes","Parulidae","Setophaga","coronata"
920,"sp4661","Alder Flycatcher","Moucherolle des aulnes","Empidonax alnorum","Passeriformes","Tyrannidae","Empidonax","alnorum"
1013,"sp6110","Purple Martin","Hirondelle noire","Progne subis","Passeriformes","Hirundinidae","Progne","subis"
106,"sp3000","Ruffed Grouse","Gélinotte huppée","Bonasa umbellus","Galliformes","Phasianidae","Bonasa","umbellus"
113,"sp2970","Dusky Grouse","Tétras sombre","Dendragapus obscurus","Galliformes","Phasianidae","Dendragapus","obscurus"
240,"sp4330","Rufous Hummingbird","Colibri roux","Selasphorus rufus","Apodiformes","Trochilidae","Selasphorus","rufus"
244,"sp4360","Calliope Hummingbird","Colibri calliope","Selasphorus calliope","Apodiformes","Trochilidae","Selasphorus","calliope"
740,"sp4021","Red-naped Sapsucker","Pic à nuque rouge","Sphyrapicus nuchalis","Piciformes","Picidae","Sphyrapicus","nuchalis"
912,"sp4590","Olive-sided Flycatcher","Moucherolle à côtés olive","Contopus cooperi","Passeriformes","Tyrannidae","Contopus","cooperi"
925,"sp4680","Hammond's Flycatcher","Moucherolle de Hammond","Empidonax hammondii","Passeriformes","Tyrannidae","Empidonax","hammondii"
927,"sp4690","Dusky Flycatcher","Moucherolle sombre","Empidonax oberholseri","Passeriformes","Tyrannidae","Empidonax","oberholseri"
930,"sp4641","Pacific-slope Flycatcher","Moucherolle côtier","Empidonax difficilis","Passeriformes","Tyrannidae","Empidonax","difficilis"
931,"sp4640","Cordilleran Flycatcher","Moucherolle des ravins","Empidonax occidentalis","Passeriformes","Tyrannidae","Empidonax","occidentalis"
961,"sp6291","Cassin's Vireo","Viréo de Cassin","Vireo cassinii","Passeriformes","Vireonidae","Vireo","cassinii"
969,"sp6240","Red-eyed Vireo","Viréo aux yeux rouges","Vireo olivaceus","Passeriformes","Vireonidae","Vireo","olivaceus"
973,"sp4840","Canada Jay","Mésangeai du Canada","Perisoreus canadensis","Passeriformes","Corvidae","Perisoreus","canadensis"
988,"sp4770","Blue Jay","Geai bleu","Cyanocitta cristata","Passeriformes","Corvidae","Cyanocitta","cristata"
997,"sp4910","Clark's Nutcracker","Cassenoix d'Amérique","Nucifraga columbiana","Passeriformes","Corvidae","Nucifraga","columbiana"
1035,"sp7380","Mountain Chickadee","Mésange de Gambel","Poecile gambeli","Passeriformes","Paridae","Poecile","gambeli"
1038,"sp7400","Boreal Chickadee","Mésange à tête brune","Poecile hudsonicus","Passeriformes","Paridae","Poecile","hudsonicus"
1054,"sp7270","White-breasted Nuthatch","Sittelle à poitrine blanche","Sitta carolinensis","Passeriformes","Sittidae","Sitta","carolinensis"
1057,"sp7260","Brown Creeper","Grimpereau brun","Certhia americana","Passeriformes","Certhiidae","Certhia","americana"
1102,"sp7480","Golden-crowned Kinglet","Roitelet à couronne dorée","Regulus satrapa","Passeriformes","Regulidae","Regulus","satrapa"
1103,"sp7490","Ruby-crowned Kinglet","Roitelet à couronne rubis","Regulus calendula","Passeriformes","Regulidae","Regulus","calendula"
1134,"sp7670","Western Bluebird","Merlebleu de l'Ouest","Sialia mexicana","Passeriformes","Turdidae","Sialia","mexicana"
1136,"sp7540","Townsend's Solitaire","Solitaire de Townsend","Myadestes townsendi","Passeriformes","Turdidae","Myadestes","townsendi"
1144,"sp7560","Veery","Grive fauve","Catharus fuscescens","Passeriformes","Turdidae","Catharus","fuscescens"
1164,"sp7630","Varied Thrush","Grive à collier","Ixoreus naevius","Passeriformes","Turdidae","Ixoreus","naevius"
1219,"sp5140","Evening Grosbeak","Gros-bec errant","Coccothraustes vespertinus","Passeriformes","Fringillidae","Coccothraustes","vespertinus"
1222,"sp5150","Pine Grosbeak","Durbec des sapins","Pinicola enucleator","Passeriformes","Fringillidae","Pinicola","enucleator"
1229,"sp5170","Purple Finch","Roselin pourpré","Haemorhous purpureus","Passeriformes","Fringillidae","Haemorhous","purpureus"
1240,"sp5220","White-winged Crossbill","Bec-croisé bifascié","Loxia leucoptera","Passeriformes","Fringillidae","Loxia","leucoptera"
1321,"sp5850","Fox Sparrow","Bruant fauve","Passerella iliaca","Passeriformes","Passerellidae","Passerella","iliaca"
1323,"sp5830","Lincoln's Sparrow","Bruant de Lincoln","Melospiza lincolnii","Passeriformes","Passerellidae","Melospiza","lincolnii"
1326,"sp5580","White-throated Sparrow","Bruant à gorge blanche","Zonotrichia albicollis","Passeriformes","Passerellidae","Zonotrichia","albicollis"
1328,"sp5540","White-crowned Sparrow","Bruant à couronne blanche","Zonotrichia leucophrys","Passeriformes","Passerellidae","Zonotrichia","leucophrys"
1335,"sp5677","(unid. race) Dark-eyed Junco","Junco ardoisé (groupe non identifié)","Junco hyemalis","Passeriformes","Passerellidae","Junco","hyemalis"
1359,"sp5080","Bullock's Oriole","Oriole de Bullock","Icterus bullockii","Passeriformes","Icteridae","Icterus","bullockii"
1387,"sp6750","Northern Waterthrush","Paruline des ruisseaux","Parkesia noveboracensis","Passeriformes","Parulidae","Parkesia","noveboracensis"
1396,"sp6470","Tennessee Warbler","Paruline obscure","Oreothlypis peregrina","Passeriformes","Parulidae","Oreothlypis","peregrina"
1404,"sp6800","MacGillivray's Warbler","Paruline des buissons","Geothlypis tolmiei","Passeriformes","Parulidae","Geothlypis","tolmiei"
1413,"sp6870","American Redstart","Paruline flamboyante","Setophaga ruticilla","Passeriformes","Parulidae","Setophaga","ruticilla"
1435,"sp6680","Townsend's Warbler","Paruline de Townsend","Setophaga townsendi","Passeriformes","Parulidae","Setophaga","townsendi"
1446,"sp6850","Wilson's Warbler","Paruline à calotte noire","Cardellina pusilla","Passeriformes","Parulidae","Cardellina","pusilla"
1070,"sp7240","Sedge Wren","Troglodyte à bec court","Cistothorus platensis","Passeriformes","Troglodytidae","Cistothorus","platensis"
1378,"sp5090","Rusty Blackbird","Quiscale rouilleux","Euphagus carolinus","Passeriformes","Icteridae","Euphagus","carolinus"
1184,"sp7030","Northern Mockingbird","Moqueur polyglotte","Mimus polyglottos","Passeriformes","Mimidae","Mimus","polyglottos"
612,"sp3250","Turkey Vulture","Urubu à tête rouge","Cathartes aura","Cathartiformes","Cathartidae","Cathartes","aura"
739,"sp4020","Yellow-bellied Sapsucker","Pic maculé","Sphyrapicus varius","Piciformes","Picidae","Sphyrapicus","varius"
885,"sp4520","Great Crested Flycatcher","Tyran huppé","Myiarchus crinitus","Passeriformes","Tyrannidae","Myiarchus","crinitus"
1318,"sp5491","Nelson's Sparrow","Bruant de Nelson","Ammospiza nelsoni","Passeriformes","Passerellidae","Ammospiza","nelsoni"
1324,"sp5840","Swamp Sparrow","Bruant des marais","Melospiza georgiana","Passeriformes","Passerellidae","Melospiza","georgiana"
1468,"sp5950","Rose-breasted Grosbeak","Cardinal à poitrine rose","Pheucticus ludovicianus","Passeriformes","Cardinalidae","Pheucticus","ludovicianus"
232,"sp4280","Ruby-throated Hummingbird","Colibri à gorge rubis","Archilochus colubris","Apodiformes","Trochilidae","Archilochus","colubris"
962,"sp6290","Blue-headed Vireo","Viréo à tête bleue","Vireo solitarius","Passeriformes","Vireonidae","Vireo","solitarius"
966,"sp6260","Philadelphia Vireo","Viréo de Philadelphie","Vireo philadelphicus","Passeriformes","Vireonidae","Vireo","philadelphicus"
1402,"sp6780","Connecticut Warbler","Paruline à gorge grise","Oporornis agilis","Passeriformes","Parulidae","Oporornis","agilis"
1405,"sp6790","Mourning Warbler","Paruline triste","Geothlypis philadelphia","Passeriformes","Parulidae","Geothlypis","philadelphia"
1415,"sp6500","Cape May Warbler","Paruline tigrée","Setophaga tigrina","Passeriformes","Parulidae","Setophaga","tigrina"
743,"sp4010","American Three-toed Woodpecker","Pic à dos rayé","Picoides dorsalis","Piciformes","Picidae","Picoides","dorsalis"
1021,"sp6150","Violet-green Swallow","Hirondelle à face blanche","Tachycineta thalassina","Passeriformes","Hirundinidae","Tachycineta","thalassina"
1067,"sp7221","Pacific Wren","Troglodyte de Baird","Troglodytes pacificus","Passeriformes","Troglodytidae","Troglodytes","pacificus"
1392,"sp6360","Black-and-white Warbler","Paruline noir et blanc","Mniotilta varia","Passeriformes","Parulidae","Mniotilta","varia"
109,"sp2980","Spruce Grouse","Tétras du Canada","Falcipennis canadensis","Galliformes","Phasianidae","Falcipennis","canadensis"
1329,"sp5570","Golden-crowned Sparrow","Bruant à couronne dorée","Zonotrichia atricapilla","Passeriformes","Passerellidae","Zonotrichia","atricapilla"
1424,"sp6610","Blackpoll Warbler","Paruline rayée","Setophaga striata","Passeriformes","Parulidae","Setophaga","striata"
654,"sp3430","Broad-winged Hawk","Petite Buse","Buteo platypterus","Accipitriformes","Accipitridae","Buteo","platypterus"
1419,"sp6570","Magnolia Warbler","Paruline à tête cendrée","Setophaga magnolia","Passeriformes","Parulidae","Setophaga","magnolia"
1187,"sp6180","Bohemian Waxwing","Jaseur boréal","Bombycilla garrulus","Passeriformes","Bombycillidae","Bombycilla","garrulus"
918,"sp4630","Yellow-bellied Flycatcher","Moucherolle à ventre jaune","Empidonax flaviventris","Passeriformes","Tyrannidae","Empidonax","flaviventris"
1426,"sp6720","Palm Warbler","Paruline à couronne rousse","Setophaga palmarum","Passeriformes","Parulidae","Setophaga","palmarum"
196,"sp4220","Black Swift","Martinet sombre","Cypseloides niger","Apodiformes","Apodidae","Cypseloides","niger"
1208,"sp6970","American Pipit","Pipit d'Amérique","Anthus rubescens","Passeriformes","Motacillidae","Anthus","rubescens"
781,"sp3560","Peregrine Falcon","Faucon pèlerin","Falco peregrinus","Falconiformes","Falconidae","Falco","peregrinus"
1464,"sp5930","Northern Cardinal","Cardinal rouge","Cardinalis cardinalis","Passeriformes","Cardinalidae","Cardinalis","cardinalis"
744,"sp4000","Black-backed Woodpecker","Pic à dos noir","Picoides arcticus","Piciformes","Picidae","Picoides","arcticus"
1440,"sp6670","Black-throated Green Warbler","Paruline à gorge noire","Setophaga virens","Passeriformes","Parulidae","Setophaga","virens"
1420,"sp6600","Bay-breasted Warbler","Paruline à poitrine baie","Setophaga castanea","Passeriformes","Parulidae","Setophaga","castanea"
1068,"sp7222","Winter Wren","Troglodyte des forêts","Troglodytes hiemalis","Passeriformes","Troglodytidae","Troglodytes","hiemalis"
1445,"sp6860","Canada Warbler","Paruline du Canada","Cardellina canadensis","Passeriformes","Parulidae","Cardellina","canadensis"
1400,"sp6450","Nashville Warbler","Paruline à joues grises","Oreothlypis ruficapilla","Passeriformes","Parulidae","Oreothlypis","ruficapilla"
119,"sp3100","Wild Turkey","Dindon sauvage","Meleagris gallopavo","Galliformes","Phasianidae","Meleagris","gallopavo"
987,"sp4780","Steller's Jay","Geai de Steller","Cyanocitta stelleri","Passeriformes","Corvidae","Cyanocitta","stelleri"
1225,"sp5240","Gray-crowned Rosy-Finch","Roselin à tête grise","Leucosticte tephrocotis","Passeriformes","Fringillidae","Leucosticte","tephrocotis"
1344,"sp5010","Eastern Meadowlark","Sturnelle des prés","Sturnella magna","Passeriformes","Icteridae","Sturnella","magna"
729,"sp4060","Red-headed Woodpecker","Pic à tête rouge","Melanerpes erythrocephalus","Piciformes","Picidae","Melanerpes","erythrocephalus"
1423,"sp6590","Chestnut-sided Warbler","Paruline à flancs marron","Setophaga pensylvanica","Passeriformes","Parulidae","Setophaga","pensylvanica"
1297,"sp5590","American Tree Sparrow","Bruant hudsonien","Spizelloides arborea","Passeriformes","Passerellidae","Spizelloides","arborea"
1133,"sp7660","Eastern Bluebird","Merlebleu de l'Est","Sialia sialis","Passeriformes","Turdidae","Sialia","sialis"
94,"sp2940","California Quail","Colin de Californie","Callipepla californica","Galliformes","Odontophoridae","Callipepla","californica"
114,"sp2971","Sooty Grouse","Tétras fuligineux","Dendragapus fuliginosus","Galliformes","Phasianidae","Dendragapus","fuliginosus"
136,"sp3120","Band-tailed Pigeon","Pigeon à queue barrée","Patagioenas fasciata","Columbiformes","Columbidae","Patagioenas","fasciata"
202,"sp4240","Vaux's Swift","Martinet de Vaux","Chaetura vauxi","Apodiformes","Apodidae","Chaetura","vauxi"
741,"sp4030","Red-breasted Sapsucker","Pic à poitrine rouge","Sphyrapicus ruber","Piciformes","Picidae","Sphyrapicus","ruber"
959,"sp6320","Hutton's Vireo","Viréo de Hutton","Vireo huttoni","Passeriformes","Vireonidae","Vireo","huttoni"
1002,"sp4890","Northwestern Crow","Corneille d'Alaska","Corvus caurinus","Passeriformes","Corvidae","Corvus","caurinus"
1037,"sp7410","Chestnut-backed Chickadee","Mésange à dos marron","Poecile rufescens","Passeriformes","Paridae","Poecile","rufescens"
1052,"sp7430","Bushtit","Mésange buissonnière","Psaltriparus minimus","Passeriformes","Aegithalidae","Psaltriparus","minimus"
1073,"sp7190","Bewick's Wren","Troglodyte de Bewick","Thryomanes bewickii","Passeriformes","Troglodytidae","Thryomanes","bewickii"
1434,"sp6650","Black-throated Gray Warbler","Paruline grise","Setophaga nigrescens","Passeriformes","Parulidae","Setophaga","nigrescens"
1230,"sp5180","Cassin's Finch","Roselin de Cassin","Haemorhous cassinii","Passeriformes","Fringillidae","Haemorhous","cassinii"
233,"sp4290","Black-chinned Hummingbird","Colibri à gorge noire","Archilochus alexandri","Apodiformes","Trochilidae","Archilochus","alexandri"
728,"sp4080","Lewis's Woodpecker","Pic de Lewis","Melanerpes lewis","Piciformes","Picidae","Melanerpes","lewis"
1055,"sp7300","Pygmy Nuthatch","Sittelle pygmée","Sitta pygmaea","Passeriformes","Sittidae","Sitta","pygmaea"
738,"sp4040","Williamson's Sapsucker","Pic de Williamson","Sphyrapicus thyroideus","Piciformes","Picidae","Sphyrapicus","thyroideus"
1145,"sp7570","Gray-cheeked Thrush","Grive à joues grises","Catharus minimus","Passeriformes","Turdidae","Catharus","minimus"
942,"sp6210","Northern Shrike","Pie-grièche boréale","Lanius borealis","Passeriformes","Laniidae","Lanius","borealis"
1234,"sp5280","Common Redpoll","Sizerin flammé","Acanthis flammea","Passeriformes","Fringillidae","Acanthis","flammea"
1011,"sp4730","Eurasian Skylark","Alouette des champs","Alauda arvensis","Passeriformes","Alaudidae","Alauda","arvensis"
100,"sp2882","Chukar","Perdrix choukar","Alectoris chukar","Galliformes","Phasianidae","Alectoris","chukar"
926,"sp4691","Gray Flycatcher","Moucherolle gris","Empidonax wrightii","Passeriformes","Tyrannidae","Empidonax","wrightii"
235,"sp4310","Anna's Hummingbird","Colibri d'Anna","Calypte anna","Apodiformes","Trochilidae","Calypte","anna"
206,"sp4250","White-throated Swift","Martinet à gorge blanche","Aeronautes saxatalis","Apodiformes","Apodidae","Aeronautes","saxatalis"
660,"sp3470","Rough-legged Hawk","Buse pattue","Buteo lagopus","Accipitriformes","Accipitridae","Buteo","lagopus"
1180,"sp7020","Sage Thrasher","Moqueur des armoises","Oreoscoptes montanus","Passeriformes","Mimidae","Oreoscoptes","montanus"
1060,"sp7170","Canyon Wren","Troglodyte des canyons","Catherpes mexicanus","Passeriformes","Troglodytidae","Catherpes","mexicanus"
110,"sp3010","Willow Ptarmigan","Lagopède des saules","Lagopus lagopus","Galliformes","Phasianidae","Lagopus","lagopus"
111,"sp3020","Rock Ptarmigan","Lagopède alpin","Lagopus muta","Galliformes","Phasianidae","Lagopus","muta"
780,"sp3540","Gyrfalcon","Faucon gerfaut","Falco rusticolus","Falconiformes","Falconidae","Falco","rusticolus"
1235,"sp5270","Hoary Redpoll","Sizerin blanchâtre","Acanthis hornemanni","Passeriformes","Fringillidae","Acanthis","hornemanni"
1250,"sp5360","Lapland Longspur","Plectrophane lapon","Calcarius lapponicus","Passeriformes","Calcariidae","Calcarius","lapponicus"
1327,"sp5530","Harris's Sparrow","Bruant à face noire","Zonotrichia querula","Passeriformes","Passerellidae","Zonotrichia","querula"
165,"sp3870","Yellow-billed Cuckoo","Coulicou à bec jaune","Coccyzus americanus","Cuculiformes","Cuculidae","Coccyzus","americanus"
915,"sp4610","Eastern Wood-Pewee","Pioui de l'Est","Contopus virens","Passeriformes","Tyrannidae","Contopus","virens"
960,"sp6280","Yellow-throated Vireo","Viréo à gorge jaune","Vireo flavifrons","Passeriformes","Vireonidae","Vireo","flavifrons"
1276,"sp5870","Eastern Towhee","Tohi à flancs roux","Pipilo erythrophthalmus","Passeriformes","Passerellidae","Pipilo","erythrophthalmus"
1421,"sp6620","Blackburnian Warbler","Paruline à gorge orangée","Setophaga fusca","Passeriformes","Parulidae","Setophaga","fusca"
1455,"sp6080","Scarlet Tanager","Piranga écarlate","Piranga olivacea","Passeriformes","Cardinalidae","Piranga","olivacea"
1477,"sp5980","Indigo Bunting","Passerin indigo","Passerina cyanea","Passeriformes","Cardinalidae","Passerina","cyanea"
1483,"sp6040","Dickcissel","Dickcissel d'Amérique","Spiza americana","Passeriformes","Cardinalidae","Spiza","americana"
201,"sp4230","Chimney Swift","Martinet ramoneur","Chaetura pelagica","Apodiformes","Apodidae","Chaetura","pelagica"
1354,"sp5060","Orchard Oriole","Oriole des vergers","Icterus spurius","Passeriformes","Icteridae","Icterus","spurius"
1417,"sp6480","Northern Parula","Paruline à collier","Setophaga americana","Passeriformes","Parulidae","Setophaga","americana"
1149,"sp7550","Wood Thrush","Grive des bois","Hylocichla mustelina","Passeriformes","Turdidae","Hylocichla","mustelina"
1388,"sp6420","Golden-winged Warbler","Paruline à ailes dorées","Vermivora chrysoptera","Passeriformes","Parulidae","Vermivora","chrysoptera"
1427,"sp6710","Pine Warbler","Paruline des pins","Setophaga pinus","Passeriformes","Parulidae","Setophaga","pinus"
1252,"sp5370","Smith's Longspur","Plectrophane de Smith","Calcarius pictus","Passeriformes","Calcariidae","Calcarius","pictus"
1301,"sp5630","Field Sparrow","Bruant des champs","Spizella pusilla","Passeriformes","Passerellidae","Spizella","pusilla"
1146,"sp7571","Bicknell's Thrush","Grive de Bicknell","Catharus bicknelli","Passeriformes","Turdidae","Catharus","bicknelli"
1425,"sp6540","Black-throated Blue Warbler","Paruline bleue","Setophaga caerulescens","Passeriformes","Parulidae","Setophaga","caerulescens"
653,"sp3390","Red-shouldered Hawk","Buse à épaulettes","Buteo lineatus","Accipitriformes","Accipitridae","Buteo","lineatus"
737,"sp4090","Red-bellied Woodpecker","Pic à ventre roux","Melanerpes carolinus","Piciformes","Picidae","Melanerpes","carolinus"
1048,"sp7310","Tufted Titmouse","Mésange bicolore","Baeolophus bicolor","Passeriformes","Paridae","Baeolophus","bicolor"
1072,"sp7180","Carolina Wren","Troglodyte de Caroline","Thryothorus ludovicianus","Passeriformes","Troglodytidae","Thryothorus","ludovicianus"
1092,"sp7510","Blue-gray Gnatcatcher","Gobemoucheron gris-bleu","Polioptila caerulea","Passeriformes","Polioptilidae","Polioptila","caerulea"
1389,"sp6410","Blue-winged Warbler","Paruline à ailes bleues","Vermivora cyanoptera","Passeriformes","Parulidae","Vermivora","cyanoptera"
1412,"sp6840","Hooded Warbler","Paruline à capuchon","Setophaga citrina","Passeriformes","Parulidae","Setophaga","citrina"
90,"sp2890","Northern Bobwhite","Colin de Virginie","Colinus virginianus","Galliformes","Odontophoridae","Colinus","virginianus"
1315,"sp5470","Henslow's Sparrow","Bruant de Henslow","Centronyx henslowii","Passeriformes","Passerellidae","Centronyx","henslowii"
919,"sp4650","Acadian Flycatcher","Moucherolle vert","Empidonax virescens","Passeriformes","Tyrannidae","Empidonax","virescens"
1432,"sp6730","Prairie Warbler","Paruline des prés","Setophaga discolor","Passeriformes","Parulidae","Setophaga","discolor"
1386,"sp6760","Louisiana Waterthrush","Paruline hochequeue","Parkesia motacilla","Passeriformes","Parulidae","Parkesia","motacilla"
1406,"sp6770","Kentucky Warbler","Paruline du Kentucky","Geothlypis formosa","Passeriformes","Parulidae","Geothlypis","formosa"
1416,"sp6580","Cerulean Warbler","Paruline azurée","Setophaga cerulea","Passeriformes","Parulidae","Setophaga","cerulea"
952,"sp6310","White-eyed Vireo","Viréo aux yeux blancs","Vireo griseus","Passeriformes","Vireonidae","Vireo","griseus"
1414,"sp6700","Kirtland's Warbler","Paruline de Kirtland","Setophaga kirtlandii","Passeriformes","Parulidae","Setophaga","kirtlandii"
107,"sp3090","Greater Sage-Grouse","Tétras des armoises","Centrocercus urophasianus","Galliformes","Phasianidae","Centrocercus","urophasianus"
611,"sp3260","Black Vulture","Urubu noir","Coragyps atratus","Cathartiformes","Cathartidae","Coragyps","atratus"
1005,"sp4900","Fish Crow","Corneille de rivage","Corvus ossifragus","Passeriformes","Corvidae","Corvus","ossifragus"
1033,"sp7360","Carolina Chickadee","Mésange de Caroline","Poecile carolinensis","Passeriformes","Paridae","Poecile","carolinensis"
1385,"sp6390","Worm-eating Warbler","Paruline vermivore","Helmitheros vermivorum","Passeriformes","Parulidae","Helmitheros","vermivorum"
1393,"sp6370","Prothonotary Warbler","Paruline orangée","Protonotaria citrea","Passeriformes","Parulidae","Protonotaria","citrea"
1394,"sp6380","Swainson's Warbler","Paruline de Swainson","Limnothlypis swainsonii","Passeriformes","Parulidae","Limnothlypis","swainsonii"
1431,"sp6630","Yellow-throated Warbler","Paruline à gorge jaune","Setophaga dominica","Passeriformes","Parulidae","Setophaga","dominica"
1454,"sp6100","Summer Tanager","Piranga vermillon","Piranga rubra","Passeriformes","Cardinalidae","Piranga","rubra"
1475,"sp5970","Blue Grosbeak","Guiraca bleu","Passerina caerulea","Passeriformes","Cardinalidae","Passerina","caerulea"
1295,"sp5750","Bachman's Sparrow","Bruant des pinèdes","Peucaea aestivalis","Passeriformes","Passerellidae","Peucaea","aestivalis"
1056,"sp7290","Brown-headed Nuthatch","Sittelle à tête brune","Sitta pusilla","Passeriformes","Sittidae","Sitta","pusilla"
749,"sp3950","Red-cockaded Woodpecker","Pic à face blanche","Dryobates borealis","Piciformes","Picidae","Dryobates","borealis"
640,"sp3290","Mississippi Kite","Milan du Mississippi","Ictinia mississippiensis","Accipitriformes","Accipitridae","Ictinia","mississippiensis"
144,"sp3200","Common Ground-Dove","Colombe à queue noire","Columbina passerina","Columbiformes","Columbidae","Columbina","passerina"
621,"sp3270","Swallow-tailed Kite","Naucler à queue fourchue","Elanoides forficatus","Accipitriformes","Accipitridae","Elanoides","forficatus"
1482,"sp6010","Painted Bunting","Passerin nonpareil","Passerina ciris","Passeriformes","Cardinalidae","Passerina","ciris"
905,"sp4450","Gray Kingbird","Tyran gris","Tyrannus dominicensis","Passeriformes","Tyrannidae","Tyrannus","dominicensis"
1317,"sp5500","Seaside Sparrow","Bruant maritime","Ammospiza maritima","Passeriformes","Passerellidae","Ammospiza","maritima"
1381,"sp5130","Boat-tailed Grackle","Quiscale des marais","Quiscalus major","Passeriformes","Icteridae","Quiscalus","major"
143,"sp3210","Inca Dove","Colombe inca","Columbina inca","Columbiformes","Columbidae","Columbina","inca"
157,"sp3190","White-winged Dove","Tourterelle à ailes blanches","Zenaida asiatica","Columbiformes","Columbidae","Zenaida","asiatica"
1372,"sp4961","Shiny Cowbird","Vacher luisant","Molothrus bonariensis","Passeriformes","Icteridae","Molothrus","bonariensis"
1110,"sp7470","Arctic Warbler","Pouillot boréal","Phylloscopus borealis","Passeriformes","Phylloscopidae","Phylloscopus","borealis"
1132,"sp7650","Northern Wheatear","Traquet motteux","Oenanthe oenanthe","Passeriformes","Muscicapidae","Oenanthe","oenanthe"
1200,"sp6960","Eastern Yellow Wagtail","Bergeronnette de Béringie","Motacilla tschutschensis","Passeriformes","Motacillidae","Motacilla","tschutschensis"
1203,"sp6940","White Wagtail","Bergeronnette grise","Motacilla alba","Passeriformes","Motacillidae","Motacilla","alba"
1124,"sp7640","Bluethroat","Gorgebleue à miroir","Cyanecula svecica","Passeriformes","Muscicapidae","Cyanecula","svecica"
1207,"sp6990","Red-throated Pipit","Pipit à gorge rousse","Anthus cervinus","Passeriformes","Motacillidae","Anthus","cervinus"
1254,"sp5340","Snow Bunting","Plectrophane des neiges","Plectrophenax nivalis","Passeriformes","Calcariidae","Plectrophenax","nivalis"
239,"sp4320","Broad-tailed Hummingbird","Colibri à queue large","Selasphorus platycercus","Apodiformes","Trochilidae","Selasphorus","platycercus"
615,"sp3240","California Condor","Condor de Californie","Gymnogyps californianus","Cathartiformes","Cathartidae","Gymnogyps","californianus"
748,"sp3960","Ladder-backed Woodpecker","Pic arlequin","Dryobates scalaris","Piciformes","Picidae","Dryobates","scalaris"
883,"sp4540","Ash-throated Flycatcher","Tyran à gorge cendrée","Myiarchus cinerascens","Passeriformes","Tyrannidae","Myiarchus","cinerascens"
900,"sp4480","Cassin's Kingbird","Tyran de Cassin","Tyrannus vociferans","Passeriformes","Tyrannidae","Tyrannus","vociferans"
958,"sp6340","Gray Vireo","Viréo gris","Vireo vicinior","Passeriformes","Vireonidae","Vireo","vicinior"
964,"sp6292","Plumbeous Vireo","Viréo plombé","Vireo plumbeus","Passeriformes","Vireonidae","Vireo","plumbeus"
986,"sp4920","Pinyon Jay","Geai des pinèdes","Gymnorhinus cyanocephalus","Passeriformes","Corvidae","Gymnorhinus","cyanocephalus"
992,"sp4813","Woodhouse's Scrub-Jay","Geai de Woodhouse","Aphelocoma woodhouseii","Passeriformes","Corvidae","Aphelocoma","woodhouseii"
1046,"sp7331","Juniper Titmouse","Mésange des genévriers","Baeolophus ridgwayi","Passeriformes","Paridae","Baeolophus","ridgwayi"
1170,"sp7070","Curve-billed Thrasher","Moqueur à bec courbe","Toxostoma curvirostre","Passeriformes","Mimidae","Toxostoma","curvirostre"
1274,"sp5900","Green-tailed Towhee","Tohi à queue verte","Pipilo chlorurus","Passeriformes","Passerellidae","Pipilo","chlorurus"
1279,"sp5800","Rufous-crowned Sparrow","Tohi à calotte fauve","Aimophila ruficeps","Passeriformes","Passerellidae","Aimophila","ruficeps"
1303,"sp5650","Black-chinned Sparrow","Bruant à menton noir","Spizella atrogularis","Passeriformes","Passerellidae","Spizella","atrogularis"
1307,"sp5730","Black-throated Sparrow","Bruant à gorge noire","Amphispiza bilineata","Passeriformes","Passerellidae","Amphispiza","bilineata"
1308,"sp5738","Sagebrush Sparrow","Bruant des armoises","Artemisiospiza nevadensis","Passeriformes","Passerellidae","Artemisiospiza","nevadensis"
1368,"sp5040","Scott's Oriole","Oriole jaune-verdâtre","Icterus parisorum","Passeriformes","Icteridae","Icterus","parisorum"
1401,"sp6440","Virginia's Warbler","Paruline de Virginia","Oreothlypis virginiae","Passeriformes","Parulidae","Oreothlypis","virginiae"
730,"sp4070","Acorn Woodpecker","Pic glandivore","Melanerpes formicivorus","Piciformes","Picidae","Melanerpes","formicivorus"
1247,"sp5300","Lesser Goldfinch","Chardonneret mineur","Spinus psaltria","Passeriformes","Fringillidae","Spinus","psaltria"
1433,"sp6640","Grace's Warbler","Paruline de Grace","Setophaga graciae","Passeriformes","Parulidae","Setophaga","graciae"
1447,"sp6900","Red-faced Warbler","Paruline à face rouge","Cardellina rubrifrons","Passeriformes","Parulidae","Cardellina","rubrifrons"
1453,"sp6090","Hepatic Tanager","Piranga orangé","Piranga flava","Passeriformes","Cardinalidae","Piranga","flava"
95,"sp2950","Gambel's Quail","Colin de Gambel","Callipepla gambelii","Galliformes","Odontophoridae","Callipepla","gambelii"
173,"sp3850","Greater Roadrunner","Grand Géocoucou","Geococcyx californianus","Cuculiformes","Cuculidae","Geococcyx","californianus"
236,"sp4300","Costa's Hummingbird","Colibri de Costa","Calypte costae","Apodiformes","Trochilidae","Calypte","costae"
761,"sp4140","Gilded Flicker","Pic chrysoïde","Colaptes chrysoides","Piciformes","Picidae","Colaptes","chrysoides"
886,"sp4530","Brown-crested Flycatcher","Tyran de Wied","Myiarchus tyrannulus","Passeriformes","Tyrannidae","Myiarchus","tyrannulus"
957,"sp6330","Bell's Vireo","Viréo de Bell","Vireo bellii","Passeriformes","Vireonidae","Vireo","bellii"
1051,"sp7460","Verdin","Auripare verdin","Auriparus flaviceps","Passeriformes","Remizidae","Auriparus","flaviceps"
1081,"sp7130","Cactus Wren","Troglodyte des cactus","Campylorhynchus brunneicapillus","Passeriformes","Troglodytidae","Campylorhynchus","brunneicapillus"
1094,"sp7520","Black-tailed Gnatcatcher","Gobemoucheron à queue noire","Polioptila melanura","Passeriformes","Polioptilidae","Polioptila","melanura"
1178,"sp7110","LeConte's Thrasher","Moqueur de LeConte","Toxostoma lecontei","Passeriformes","Mimidae","Toxostoma","lecontei"
1179,"sp7120","Crissal Thrasher","Moqueur cul-roux","Toxostoma crissale","Passeriformes","Mimidae","Toxostoma","crissale"
1191,"sp6200","Phainopepla","Phénopèple luisant","Phainopepla nitens","Passeriformes","Ptiliogonatidae","Phainopepla","nitens"
1382,"sp5120","Great-tailed Grackle","Quiscale à longue queue","Quiscalus mexicanus","Passeriformes","Icteridae","Quiscalus","mexicanus"
649,"sp3350","Harris's Hawk","Buse de Harris","Parabuteo unicinctus","Accipitriformes","Accipitridae","Parabuteo","unicinctus"
657,"sp3400","Zone-tailed Hawk","Buse à queue barrée","Buteo albonotatus","Accipitriformes","Accipitridae","Buteo","albonotatus"
735,"sp4110","Gila Woodpecker","Pic des saguaros","Melanerpes uropygialis","Piciformes","Picidae","Melanerpes","uropygialis"
939,"sp4710","Vermilion Flycatcher","Moucherolle vermillon","Pyrocephalus rubinus","Passeriformes","Tyrannidae","Pyrocephalus","rubinus"
1175,"sp7080","Bendire's Thrasher","Moqueur de Bendire","Toxostoma bendirei","Passeriformes","Mimidae","Toxostoma","bendirei"
1284,"sp5910","Canyon Towhee","Tohi des canyons","Melozone fusca","Passeriformes","Passerellidae","Melozone","fusca"
1355,"sp5050","Hooded Oriole","Oriole masqué","Icterus cucullatus","Passeriformes","Icteridae","Icterus","cucullatus"
1399,"sp6430","Lucy's Warbler","Paruline de Lucy","Oreothlypis luciae","Passeriformes","Parulidae","Oreothlypis","luciae"
913,"sp4600","Greater Pewee","Moucherolle de Coues","Contopus pertinax","Passeriformes","Tyrannidae","Contopus","pertinax"
936,"sp4580","Black Phoebe","Moucherolle noir","Sayornis nigricans","Passeriformes","Tyrannidae","Sayornis","nigricans"
1044,"sp7340","Bridled Titmouse","Mésange arlequin","Baeolophus wollweberi","Passeriformes","Paridae","Baeolophus","wollweberi"
1192,"sp6510","Olive Warbler","Fauvine des pins","Peucedramus taeniatus","Passeriformes","Peucedramidae","Peucedramus","taeniatus"
1373,"sp4960","Bronzed Cowbird","Vacher bronzé","Molothrus aeneus","Passeriformes","Icteridae","Molothrus","aeneus"
1450,"sp6880","Painted Redstart","Paruline à ailes blanches","Myioborus pictus","Passeriformes","Parulidae","Myioborus","pictus"
618,"sp3280","White-tailed Kite","Élanion à queue blanche","Elanus leucurus","Accipitriformes","Accipitridae","Elanus","leucurus"
1287,"sp5920","Abert's Towhee","Tohi d'Abert","Melozone aberti","Passeriformes","Passerellidae","Melozone","aberti"
1465,"sp5940","Pyrrhuloxia","Cardinal pyrrhuloxia","Cardinalis sinuatus","Passeriformes","Cardinalidae","Cardinalis","sinuatus"
92,"sp2930","Scaled Quail","Colin écaillé","Callipepla squamata","Galliformes","Odontophoridae","Callipepla","squamata"
249,"sp4410","Broad-billed Hummingbird","Colibri circé","Cynanthus latirostris","Apodiformes","Trochilidae","Cynanthus","latirostris"
652,"sp3460","Gray Hawk","Buse grise","Buteo plagiatus","Accipitriformes","Accipitridae","Buteo","plagiatus"
872,"sp4720","Northern Beardless-Tyrannulet","Tyranneau imberbe","Camptostoma imberbe","Passeriformes","Tyrannidae","Camptostoma","imberbe"
882,"sp4550","Dusky-capped Flycatcher","Tyran olivâtre","Myiarchus tuberculifer","Passeriformes","Tyrannidae","Myiarchus","tuberculifer"
1008,"sp4870","Chihuahuan Raven","Corbeau à cou blanc","Corvus cryptoleucus","Passeriformes","Corvidae","Corvus","cryptoleucus"
1289,"sp5790","Rufous-winged Sparrow","Bruant à épaulettes","Peucaea carpalis","Passeriformes","Passerellidae","Peucaea","carpalis"
1293,"sp5760","Botteri's Sparrow","Bruant de Botteri","Peucaea botterii","Passeriformes","Passerellidae","Peucaea","botterii"
1481,"sp6000","Varied Bunting","Passerin varié","Passerina versicolor","Passeriformes","Cardinalidae","Passerina","versicolor"
1294,"sp5780","Cassin's Sparrow","Bruant de Cassin","Peucaea cassinii","Passeriformes","Passerellidae","Peucaea","cassinii"
96,"sp2960","Montezuma Quail","Colin arlequin","Cyrtonyx montezumae","Galliformes","Odontophoridae","Cyrtonyx","montezumae"
224,"sp4270","Blue-throated Hummingbird","Colibri à gorge bleue","Lampornis clemenciae","Apodiformes","Trochilidae","Lampornis","clemenciae"
703,"sp3890","Elegant Trogon","Trogon élégant","Trogon elegans","Trogoniformes","Trogonidae","Trogon","elegans"
753,"sp3975","Arizona Woodpecker","Pic d'Arizona","Dryobates arizonae","Piciformes","Picidae","Dryobates","arizonae"
897,"sp4460","Tropical Kingbird","Tyran mélancolique","Tyrannus melancholicus","Passeriformes","Tyrannidae","Tyrannus","melancholicus"
901,"sp4451","Thick-billed Kingbird","Tyran à bec épais","Tyrannus crassirostris","Passeriformes","Tyrannidae","Tyrannus","crassirostris"
995,"sp4820","Mexican Jay","Geai du Mexique","Aphelocoma wollweberi","Passeriformes","Corvidae","Aphelocoma","wollweberi"
219,"sp4260","Rivoli's Hummingbird","Colibri de Rivoli","Eugenes fulgens","Apodiformes","Trochilidae","Eugenes","fulgens"
267,"sp4391","Violet-crowned Hummingbird","Ariane à couronne violette","Amazilia violiceps","Apodiformes","Trochilidae","Amazilia","violiceps"
893,"sp4510","Sulphur-bellied Flycatcher","Tyran tigré","Myiodynastes luteiventris","Passeriformes","Tyrannidae","Myiodynastes","luteiventris"
1085,"sp16600","Sinaloa Wren","Troglodyte du Sinaloa","Thryophilus sinaloa","Passeriformes","Troglodytidae","Thryophilus","sinaloa"
1337,"sp5700","Yellow-eyed Junco","Junco aux yeux jaunes","Junco phaeonotus","Passeriformes","Passerellidae","Junco","phaeonotus"
645,"sp3450","Common Black Hawk","Buse noire","Buteogallus anthracinus","Accipitriformes","Accipitridae","Buteogallus","anthracinus"
771,"sp3620","Crested Caracara","Caracara du Nord","Caracara cheriway","Falconiformes","Falconidae","Caracara","cheriway"
146,"sp3201","Ruddy Ground-Dove","Colombe rousse","Columbina talpacoti","Columbiformes","Columbidae","Columbina","talpacoti"
1036,"sp7370","Mexican Chickadee","Mésange grise","Poecile sclateri","Passeriformes","Paridae","Poecile","sclateri"
907,"sp4430","Scissor-tailed Flycatcher","Tyran à longue queue","Tyrannus forficatus","Passeriformes","Tyrannidae","Tyrannus","forficatus"
85,"sp2920","Mountain Quail","Colin des montagnes","Oreortyx pictus","Galliformes","Odontophoridae","Oreortyx","pictus"
241,"sp4340","Allen's Hummingbird","Colibri d'Allen","Selasphorus sasin","Apodiformes","Trochilidae","Selasphorus","sasin"
991,"sp4812","California Scrub-Jay","Geai buissonnier","Aphelocoma californica","Passeriformes","Corvidae","Aphelocoma","californica"
1045,"sp7330","Oak Titmouse","Mésange unicolore","Baeolophus inornatus","Passeriformes","Paridae","Baeolophus","inornatus"
1113,"sp7420","Wrentit","Cama brune","Chamaea fasciata","Passeriformes","Sylviidae","Chamaea","fasciata"
1286,"sp5911","California Towhee","Tohi de Californie","Melozone crissalis","Passeriformes","Passerellidae","Melozone","crissalis"
1436,"sp6690","Hermit Warbler","Paruline à tête jaune","Setophaga occidentalis","Passeriformes","Parulidae","Setophaga","occidentalis"
747,"sp3970","Nuttall's Woodpecker","Pic de Nuttall","Dryobates nuttallii","Piciformes","Picidae","Dryobates","nuttallii"
751,"sp3990","White-headed Woodpecker","Pic à tête blanche","Dryobates albolarvatus","Piciformes","Picidae","Dryobates","albolarvatus"
1248,"sp5310","Lawrence's Goldfinch","Chardonneret gris","Spinus lawrencei","Passeriformes","Fringillidae","Spinus","lawrencei"
1370,"sp5000","Tricolored Blackbird","Carouge de Californie","Agelaius tricolor","Passeriformes","Icteridae","Agelaius","tricolor"
999,"sp4760","Yellow-billed Magpie","Pie à bec jaune","Pica nuttalli","Passeriformes","Corvidae","Pica","nuttalli"
1177,"sp7100","California Thrasher","Moqueur de Californie","Toxostoma redivivum","Passeriformes","Mimidae","Toxostoma","redivivum"
1309,"sp5739","Bell's Sparrow","Bruant de Bell","Artemisiospiza belli","Passeriformes","Passerellidae","Artemisiospiza","belli"
142,"sp3151","Spotted Dove","Tourterelle tigrine","Streptopelia chinensis","Columbiformes","Columbidae","Streptopelia","chinensis"
139,"sp3152","African Collared-Dove (a.k.a. Ringed Turtle-Dove)","Tourterelle rieuse","Streptopelia roseogrisea","Columbiformes","Columbidae","Streptopelia","roseogrisea"
105,"sp3095","Indian Peafowl","Paon bleu","Pavo cristatus","Galliformes","Phasianidae","Pavo","cristatus"
786,"sp51830","Nanday Parakeet","Conure nanday","Aratinga nenday","Psittaciformes","Psittacidae","Aratinga","nenday"
1093,"sp7530","California Gnatcatcher","Gobemoucheron de Californie","Polioptila californica","Passeriformes","Polioptilidae","Polioptila","californica"
117,"sp3050","Greater Prairie-Chicken","Tétras des prairies","Tympanuchus cupido","Galliformes","Phasianidae","Tympanuchus","cupido"
108,"sp3089","Gunnison Sage-Grouse","Tétras du Gunnison","Centrocercus minimus","Galliformes","Phasianidae","Centrocercus","minimus"
118,"sp3070","Lesser Prairie-Chicken","Tétras pâle","Tympanuchus pallidicinctus","Galliformes","Phasianidae","Tympanuchus","pallidicinctus"
112,"sp3040","White-tailed Ptarmigan","Lagopède à queue blanche","Lagopus leucura","Galliformes","Phasianidae","Lagopus","leucura"
1319,"sp5490","Saltmarsh Sparrow","Bruant à queue aiguë","Ammospiza caudacuta","Passeriformes","Passerellidae","Ammospiza","caudacuta"
655,"sp3440","Short-tailed Hawk","Buse à queue courte","Buteo brachyurus","Accipitriformes","Accipitridae","Buteo","brachyurus"
783,"sp3824","Monk Parakeet","Conure veuve","Myiopsitta monachus","Psittaciformes","Psittacidae","Myiopsitta","monachus"
28,"sp10210","Muscovy Duck","Canard musqué","Cairina moschata","Anseriformes","Anatidae","Cairina","moschata"
989,"sp4790","Florida Scrub-Jay","Geai à gorge blanche","Aphelocoma coerulescens","Passeriformes","Corvidae","Aphelocoma","coerulescens"
644,"sp3300","Snail Kite","Milan des marais","Rostrhamus sociabilis","Accipitriformes","Accipitridae","Rostrhamus","sociabilis"
174,"sp3830","Smooth-billed Ani","Ani à bec lisse","Crotophaga ani","Cuculiformes","Cuculidae","Crotophaga","ani"
134,"sp3140","White-crowned Pigeon","Pigeon à couronne blanche","Patagioenas leucocephala","Columbiformes","Columbidae","Patagioenas","leucocephala"
166,"sp3860","Mangrove Cuckoo","Coulicou manioc","Coccyzus minor","Cuculiformes","Cuculidae","Coccyzus","minor"
971,"sp6230","Black-whiskered Vireo","Viréo à moustaches","Vireo altiloquus","Passeriformes","Vireonidae","Vireo","altiloquus"
1181,"sp7031","Bahama Mockingbird","Moqueur des Bahamas","Mimus gundlachii","Passeriformes","Mimidae","Mimus","gundlachii"
1186,"sp4932","Common Myna","Martin triste","Acridotheres tristis","Passeriformes","Sturnidae","Acridotheres","tristis"
1361,"sp5032","Spot-breasted Oriole","Oriole maculé","Icterus pectoralis","Passeriformes","Icteridae","Icterus","pectoralis"
815,"sp3822","Budgerigar","Perruche ondulée","Melopsittacus undulatus","Psittaciformes","Psittaculidae","Melopsittacus","undulatus"
27,"sp20630","Egyptian Goose","Ouette d'Égypte","Alopochen aegyptiaca","Anseriformes","Anatidae","Alopochen","aegyptiaca"
800,"sp52021","Yellow-chevroned Parakeet","Toui à ailes jaunes","Brotogeris chiriri","Psittaciformes","Psittacidae","Brotogeris","chiriri"
1199,"sp6883","Eurasian Tree Sparrow","Moineau friquet","Passer montanus","Passeriformes","Passeridae","Passer","montanus"
1029,"sp6121","Cave Swallow","Hirondelle à front brun","Petrochelidon fulva","Passeriformes","Hirundinidae","Petrochelidon","fulva"
777,"sp3590","Aplomado Falcon","Faucon aplomado","Falco femoralis","Falconiformes","Falconidae","Falco","femoralis"
736,"sp4100","Golden-fronted Woodpecker","Pic à front doré","Melanerpes aurifrons","Piciformes","Picidae","Melanerpes","aurifrons"
950,"sp6300","Black-capped Vireo","Viréo à tête noire","Vireo atricapilla","Passeriformes","Vireonidae","Vireo","atricapilla"
1049,"sp7320","Black-crested Titmouse","Mésange à plumet noir","Baeolophus atricristatus","Passeriformes","Paridae","Baeolophus","atricristatus"
77,"sp3110","Plain Chachalaca","Ortalide chacamel","Ortalis vetula","Galliformes","Cracidae","Ortalis","vetula"
151,"sp3180","White-tipped Dove","Colombe de Verreaux","Leptotila verreauxi","Columbiformes","Columbidae","Leptotila","verreauxi"
175,"sp3840","Groove-billed Ani","Ani à bec cannelé","Crotophaga sulcirostris","Cuculiformes","Cuculidae","Crotophaga","sulcirostris"
265,"sp4390","Buff-bellied Hummingbird","Ariane du Yucatan","Amazilia yucatanensis","Apodiformes","Trochilidae","Amazilia","yucatanensis"
650,"sp3410","White-tailed Hawk","Buse à queue blanche","Geranoaetus albicaudatus","Accipitriformes","Accipitridae","Geranoaetus","albicaudatus"
889,"sp4490","Great Kiskadee","Tyran quiquivi","Pitangus sulphuratus","Passeriformes","Tyrannidae","Pitangus","sulphuratus"
898,"sp4461","Couch's Kingbird","Tyran de Couch","Tyrannus couchii","Passeriformes","Tyrannidae","Tyrannus","couchii"
982,"sp4830","Green Jay","Geai vert","Cyanocorax yncas","Passeriformes","Corvidae","Cyanocorax","yncas"
1173,"sp7060","Long-billed Thrasher","Moqueur à long bec","Toxostoma longirostre","Passeriformes","Mimidae","Toxostoma","longirostre"
1269,"sp5860","Olive Sparrow","Tohi olive","Arremonops rufivirgatus","Passeriformes","Passerellidae","Arremonops","rufivirgatus"
1362,"sp5031","Altamira Oriole","Oriole à gros bec","Icterus gularis","Passeriformes","Icteridae","Icterus","gularis"
1363,"sp5030","Audubon's Oriole","Oriole d'Audubon","Icterus graduacauda","Passeriformes","Icteridae","Icterus","graduacauda"
135,"sp3130","Red-billed Pigeon","Pigeon à bec rouge","Patagioenas flavirostris","Columbiformes","Columbidae","Patagioenas","flavirostris"
1418,"sp6490","Tropical Parula","Paruline à joues noires","Setophaga pitiayumi","Passeriformes","Parulidae","Setophaga","pitiayumi"
1439,"sp6660","Golden-cheeked Warbler","Paruline à dos noir","Setophaga chrysoparia","Passeriformes","Parulidae","Setophaga","chrysoparia"
230,"sp4370","Lucifer Hummingbird","Colibri lucifer","Calothorax lucifer","Apodiformes","Trochilidae","Calothorax","lucifer"
619,"sp3271","Hook-billed Kite","Bec-en-croc de Temminck","Chondrohierax uncinatus","Accipitriformes","Accipitridae","Chondrohierax","uncinatus"
1242,"sp5261","European Goldfinch","Chardonneret élégant","Carduelis carduelis","Passeriformes","Fringillidae","Carduelis","carduelis"
1226,"sp5250","Black Rosy-Finch","Roselin noir","Leucosticte atrata","Passeriformes","Fringillidae","Leucosticte","atrata"
